tract_2010_boroct,tract_2020_geoid,borough,tract_2010_code,tract_2020_code
5000900,5000900,Staten Island,000900,000900
1010200,1010200,Manhattan,010200,010200
1010400,1010400,Manhattan,010400,010400
1011300,1011300,Manhattan,011300,011300
1013000,1013000,Manhattan,013000,013000
1018400,1018400,Manhattan,018400,018400
1020600,1020600,Manhattan,020600,020600
1024900,1024900,Manhattan,024900,024900
3000501,3000501,Brooklyn,000501,000501
3005800,3005800,Brooklyn,005800,005800
3006000,3006000,Brooklyn,006000,006000
3007400,3007400,Brooklyn,007400,007400
3007800,3007800,Brooklyn,007800,007800
3009800,3009800,Brooklyn,009800,009800
3010400,3010402,Brooklyn,010400,010402
3013700,3013700,Brooklyn,013700,013700
3013900,3013900,Brooklyn,013900,013900
3017000,3017000,Brooklyn,017000,017000
3018800,3018800,Brooklyn,018800,018800
3019000,3019000,Brooklyn,019000,019000
3019400,3019400,Brooklyn,019400,019400
3019600,3019600,Brooklyn,019600,019600
3019800,3019800,Brooklyn,019800,019800
3020400,3020400,Brooklyn,020400,020400
3021200,3021200,Brooklyn,021200,021200
3022200,3022200,Brooklyn,022200,022200
3023600,3023600,Brooklyn,023600,023600
3023800,3023800,Brooklyn,023800,023800
3024000,3024000,Brooklyn,024000,024000
3024200,3024200,Brooklyn,024200,024200
3024600,3024600,Brooklyn,024600,024600
3024900,3024900,Brooklyn,024900,024900
3025200,3025200,Brooklyn,025200,025200
3025800,3025800,Brooklyn,025800,025800
3026000,3026000,Brooklyn,026000,026000
3026600,3026600,Brooklyn,026600,026600
3026700,3026700,Brooklyn,026700,026700
3026900,3026900,Brooklyn,026900,026900
3027000,3027000,Brooklyn,027000,027000
3027200,3027200,Brooklyn,027200,027200
3027300,3027300,Brooklyn,027300,027300
3027800,3027800,Brooklyn,027800,027800
3027900,3027900,Brooklyn,027900,027900
3028400,3028400,Brooklyn,028400,028400
3028800,3028800,Brooklyn,028800,028800
3029100,3029100,Brooklyn,029100,029100
3029300,3029300,Brooklyn,029300,029300
3029800,3029800,Brooklyn,029800,029800
3030000,3030000,Brooklyn,030000,030000
3030900,3030900,Brooklyn,030900,030900
3031701,3031701,Brooklyn,031701,031701
3032900,3032900,Brooklyn,032900,032900
3033900,3033900,Brooklyn,033900,033900
3034100,3034100,Brooklyn,034100,034100
3034200,3034200,Brooklyn,034200,034200
3038800,3038800,Brooklyn,038800,038800
3039600,3039600,Brooklyn,039600,039600
3039900,3039900,Brooklyn,039900,039900
3040400,3040400,Brooklyn,040400,040400
3041300,3041300,Brooklyn,041300,041300
3041401,3041401,Brooklyn,041401,041401
3041500,3041500,Brooklyn,041500,041500
3041700,3041700,Brooklyn,041700,041700
3041900,3041900,Brooklyn,041900,041900
3042800,3042800,Brooklyn,042800,042800
3042900,3042900,Brooklyn,042900,042900
3043000,3043000,Brooklyn,043000,043000
3043300,3043300,Brooklyn,043300,043300
3043400,3043400,Brooklyn,043400,043400
3043500,3043500,Brooklyn,043500,043500
3043600,3043600,Brooklyn,043600,043600
3044000,3044000,Brooklyn,044000,044000
3044100,3044100,Brooklyn,044100,044100
3044200,3044200,Brooklyn,044200,044200
3044300,3044300,Brooklyn,044300,044300
3044400,3044400,Brooklyn,044400,044400
3044600,3044600,Brooklyn,044600,044600
3045200,3045200,Brooklyn,045200,045200
3045400,3045400,Brooklyn,045400,045400
3047000,3047000,Brooklyn,047000,047000
3047200,3047200,Brooklyn,047200,047200
3049500,3049500,Brooklyn,049500,049500
3050300,3050300,Brooklyn,050300,050300
3050500,3050500,Brooklyn,050500,050500
3051001,3051001,Brooklyn,051001,051001
3051400,3051400,Brooklyn,051400,051400
3051601,3051601,Brooklyn,051601,051601
3051700,3051700,Brooklyn,051700,051700
3051800,3051800,Brooklyn,051800,051800
3052800,3052800,Brooklyn,052800,052800
3053200,3053200,Brooklyn,053200,053200
3053400,3053400,Brooklyn,053400,053400
3053800,3053800,Brooklyn,053800,053800
3054400,3054400,Brooklyn,054400,054400
3055000,3055000,Brooklyn,055000,055000
3055200,3055200,Brooklyn,055200,055200
3055800,3055800,Brooklyn,055800,055800
3056000,3056000,Brooklyn,056000,056000
3056200,3056200,Brooklyn,056200,056200
3056400,3056400,Brooklyn,056400,056400
3056600,3056600,Brooklyn,056600,056600
3056800,3056800,Brooklyn,056800,056800
3057000,3057000,Brooklyn,057000,057000
3057200,3057200,Brooklyn,057200,057200
3057400,3057400,Brooklyn,057400,057400
3057600,3057600,Brooklyn,057600,057600
3057800,3057800,Brooklyn,057800,057800
3058000,3058000,Brooklyn,058000,058000
3058600,3058600,Brooklyn,058600,058600
3059200,3059200,Brooklyn,059200,059200
3059401,3059404,Brooklyn,059401,059404
3059402,3059402,Brooklyn,059402,059402
3063200,3063200,Brooklyn,063200,063200
3063600,3063600,Brooklyn,063600,063600
3063800,3066600,Brooklyn,063800,066600
3064000,3064000,Brooklyn,064000,064000
3064600,3064600,Brooklyn,064600,064600
3064800,3064800,Brooklyn,064800,064800
3065000,3065000,Brooklyn,065000,065000
3065200,3065200,Brooklyn,065200,065200
3065400,3065400,Brooklyn,065400,065400
3065600,3065600,Brooklyn,065600,065600
3065800,3065800,Brooklyn,065800,065800
3066000,3066000,Brooklyn,066000,066000
3067000,3067000,Brooklyn,067000,067000
3067200,3067200,Brooklyn,067200,067200
3067400,3067400,Brooklyn,067400,067400
3067600,3067600,Brooklyn,067600,067600
3068000,3068000,Brooklyn,068000,068000
3068200,3068200,Brooklyn,068200,068200
3068600,3068600,Brooklyn,068600,068600
3068800,3068800,Brooklyn,068800,068800
3069000,3069000,Brooklyn,069000,069000
3072800,3072800,Brooklyn,072800,072800
3073400,3073400,Brooklyn,073400,073400
3074000,3074000,Brooklyn,074000,074000
3074800,3074800,Brooklyn,074800,074800
3075200,3075200,Brooklyn,075200,075200
3076000,3076000,Brooklyn,076000,076000
3076200,3076200,Brooklyn,076200,076200
3076800,3076800,Brooklyn,076800,076800
3078400,3078400,Brooklyn,078400,078400
3079601,3079601,Brooklyn,079601,079601
3080000,3080000,Brooklyn,080000,080000
3080400,3080400,Brooklyn,080400,080400
3081400,3081400,Brooklyn,081400,081400
3081800,3081800,Brooklyn,081800,081800
3083200,3083200,Brooklyn,083200,083200
3083600,3083600,Brooklyn,083600,083600
3083800,3083800,Brooklyn,083800,083800
3084000,3084000,Brooklyn,084000,084000
3084800,3084800,Brooklyn,084800,084800
3085000,3085000,Brooklyn,085000,085000
3086200,3086200,Brooklyn,086200,086200
3086800,3086800,Brooklyn,086800,086800
3087000,3087000,Brooklyn,087000,087000
3087800,3087800,Brooklyn,087800,087800
3089000,3089000,Brooklyn,089000,089000
3089600,3089600,Brooklyn,089600,089600
3089800,3089800,Brooklyn,089800,089800
3090200,3090200,Brooklyn,090200,090200
3091600,3091600,Brooklyn,091600,091600
3092400,3092400,Brooklyn,092400,092400
3093000,3093000,Brooklyn,093000,093000
3096400,3096400,Brooklyn,096400,096400
3096600,3096600,Brooklyn,096600,096600
3096800,3096800,Brooklyn,096800,096800
3097000,3097000,Brooklyn,097000,097000
3098400,3098400,Brooklyn,098400,098400
3098600,3098600,Brooklyn,098600,098600
3099200,3099200,Brooklyn,099200,099200
3099400,3099400,Brooklyn,099400,099400
3100400,3100400,Brooklyn,100400,100400
3100600,3100600,Brooklyn,100600,100600
3100800,3100800,Brooklyn,100800,100800
3101000,3101000,Brooklyn,101000,101000
3101400,3101400,Brooklyn,101400,101400
3101600,3101600,Brooklyn,101600,101600
3102000,3102000,Brooklyn,102000,102000
3102400,3102400,Brooklyn,102400,102400
3102600,3102600,Brooklyn,102600,102600
3111000,3111000,Brooklyn,111000,111000
3112400,3112400,Brooklyn,112400,112400
3112600,3112600,Brooklyn,112600,112600
3112800,3112800,Brooklyn,112800,112800
3113000,3113000,Brooklyn,113000,113000
3113400,3113400,Brooklyn,113400,113400
3115600,3115600,Brooklyn,115600,115600
3116000,3116000,Brooklyn,116000,116000
3116400,3116400,Brooklyn,116400,116400
3117000,3117000,Brooklyn,117000,117000
3117201,3117201,Brooklyn,117201,117201
3117202,3117202,Brooklyn,117202,117202
3119400,3119400,Brooklyn,119400,119400
2003800,2003800,Bronx,003800,003800
2004001,2004001,Bronx,004001,004001
2004400,2004400,Bronx,004400,004400
2004800,2004800,Bronx,004800,004800
2006800,2006800,Bronx,006800,006800
2007000,2007000,Bronx,007000,007000
2012500,2012500,Bronx,012500,012500
2016200,2016200,Bronx,016200,016200
2017500,2017500,Bronx,017500,017500
2017902,2017902,Bronx,017902,017902
2022102,2022102,Bronx,022102,022102
2022300,2022300,Bronx,022300,022300
2023200,2023200,Bronx,023200,023200
2024600,2024600,Bronx,024600,024600
2025400,2025400,Bronx,025400,025400
2028700,2028700,Bronx,028700,028700
2030100,2030100,Bronx,030100,030100
2031200,2031200,Bronx,031200,031200
2031400,2031400,Bronx,031400,031400
2039800,2039800,Bronx,039800,039800
2040303,2040303,Bronx,040303,040303
2040304,2040304,Bronx,040304,040304
2040400,2040400,Bronx,040400,040400
2040501,2040501,Bronx,040501,040501
2040502,2040502,Bronx,040502,040502
2040600,2040600,Bronx,040600,040600
2040701,2040701,Bronx,040701,040701
2042200,2042200,Bronx,042200,042200
2042300,2042300,Bronx,042300,042300
2042400,2042400,Bronx,042400,042400
2042800,2042800,Bronx,042800,042800
2042902,2042902,Bronx,042902,042902
2043000,2043000,Bronx,043000,043000
2043400,2043400,Bronx,043400,043400
2043600,2043600,Bronx,043600,043600
4001000,4001000,Queens,001000,001000
4001600,4001600,Queens,001600,001600
4002800,4002800,Queens,002800,002800
4003100,4003100,Queens,003100,003100
4005100,4005100,Queens,005100,005100
4006502,4006502,Queens,006502,006502
4009400,4009400,Queens,009400,009400
4010200,4010200,Queens,010200,010200
4010400,4010400,Queens,010400,010400
4011200,4011200,Queens,011200,011200
4011300,4011300,Queens,011300,011300
4011400,4011400,Queens,011400,011400
4011700,4011700,Queens,011700,011700
4011900,4011900,Queens,011900,011900
4012100,4012100,Queens,012100,012100
4012400,4012400,Queens,012400,012400
4012601,4012601,Queens,012601,012601
4012602,4012602,Queens,012602,012602
4012800,4012800,Queens,012800,012800
4014000,4014000,Queens,014000,014000
4014300,4014300,Queens,014300,014300
4014500,4014500,Queens,014500,014500
4014700,4014700,Queens,014700,014700
4014900,4014900,Queens,014900,014900
4015300,4015300,Queens,015300,015300
4015400,4015400,Queens,015400,015400
4015600,4015600,Queens,015600,015600
4015802,4015802,Queens,015802,015802
4016800,4016800,Queens,016800,016800
4017200,4017200,Queens,017200,017200
4025900,4025900,Queens,025900,025900
4026901,4026901,Queens,026901,026901
4026902,4026902,Queens,026902,026902
4027100,4027101,Queens,027100,027101
4027400,4027400,Queens,027400,027400
4027500,4027500,Queens,027500,027500
4027700,4027702,Queens,027700,027702
4027900,4027900,Queens,027900,027900
4028000,4028000,Queens,028000,028000
4028300,4028300,Queens,028300,028300
4028500,4028500,Queens,028500,028500
4028900,4028900,Queens,028900,028900
4032700,4032700,Queens,032700,032700
4035100,4035100,Queens,035100,035100
4037700,4037700,Queens,037700,037700
4037900,4037900,Queens,037900,037900
4039400,4039400,Queens,039400,039400
4040000,4040000,Queens,040000,040000
4040200,4040200,Queens,040200,040200
4040300,4040302,Queens,040300,040302
4041300,4041300,Queens,041300,041300
4041500,4041500,Queens,041500,041500
4043400,4043400,Queens,043400,043400
4044301,4044301,Queens,044301,044301
4044602,4044602,Queens,044602,044602
4044800,4044800,Queens,044800,044800
4045700,4045700,Queens,045700,045700
4045900,4045900,Queens,045900,045900
4046700,4046700,Queens,046700,046700
4046900,4046901,Queens,046900,046901
4049600,4049600,Queens,049600,049600
4050202,4050202,Queens,050202,050202
4050800,4050800,Queens,050800,050800
4051200,4051200,Queens,051200,051200
4051800,4051800,Queens,051800,051800
4052000,4052000,Queens,052000,052000
4052400,4052400,Queens,052400,052400
4052600,4052600,Queens,052600,052600
4053000,4053000,Queens,053000,053000
4053601,4053601,Queens,053601,053601
4054000,4054000,Queens,054000,054000
4054200,4054200,Queens,054200,054200
4054500,4054500,Queens,054500,054500
4055100,4055100,Queens,055100,055100
4055600,4055600,Queens,055600,055600
4055800,4055800,Queens,055800,055800
4058500,4058500,Queens,058500,058500
4058700,4058700,Queens,058700,058700
4058900,4058900,Queens,058900,058900
4059100,4059100,Queens,059100,059100
4059900,4059900,Queens,059900,059900
4060600,4060600,Queens,060600,060600
4060800,4060800,Queens,060800,060800
4061400,4061400,Queens,061400,061400
4062700,4062700,Queens,062700,062700
4065702,4065702,Queens,065702,065702
4065703,4065703,Queens,065703,065703
4066000,4066000,Queens,066000,066000
4067100,4067100,Queens,067100,067100
4067700,4067700,Queens,067700,067700
4069300,4069300,Queens,069300,069300
4069500,4069500,Queens,069500,069500
4069701,4069701,Queens,069701,069701
4071900,4071900,Queens,071900,071900
4072100,4072100,Queens,072100,072100
4072900,4072900,Queens,072900,072900
4073900,4073900,Queens,073900,073900
4074100,4074100,Queens,074100,074100
4074300,4074300,Queens,074300,074300
4079900,4079900,Queens,079900,079900
4103300,4103300,Queens,103300,103300
4114700,4114700,Queens,114700,114700
4115700,4115700,Queens,115700,115700
4116100,4116100,Queens,116100,116100
4117500,4117500,Queens,117500,117500
4118700,4118700,Queens,118700,118700
4119300,4119300,Queens,119300,119300
4119500,4119500,Queens,119500,119500
4120300,4120300,Queens,120300,120300
4120500,4120500,Queens,120500,120500
4133900,4133900,Queens,133900,133900
4145102,4145102,Queens,145102,145102
4157901,4157901,Queens,157901,157901
4003200,4003200,Queens,003200,003200
2036901,2036901,Bronx,036901,036901
2036902,2036902,Bronx,036902,036902
2040302,2040302,Bronx,040302,040302
2026702,2026702,Bronx,026702,026702
4018800,4018800,Queens,018800,018800
4019200,4019200,Queens,019200,019200
4017400,4017400,Queens,017400,017400
4017600,4017600,Queens,017600,017600
4028400,4028400,Queens,028400,028400
4017000,4017000,Queens,017000,017000
4019400,4019400,Queens,019400,019400
3097400,3097400,Brooklyn,097400,097400
3044500,3044500,Brooklyn,044500,044500
3006600,3006600,Brooklyn,006600,006600
2032800,2032800,Bronx,032800,032800
3034900,3034902,Brooklyn,034900,034902
3035100,3035102,Brooklyn,035100,035102
4005500,4005500,Queens,005500,005500
1011900,1011900,Manhattan,011900,011900
1012500,1012500,Manhattan,012500,012500
1029300,1029300,Manhattan,029300,029300
3020000,3020000,Brooklyn,020000,020000
3020200,3020200,Brooklyn,020200,020200
2015800,2015800,Bronx,015800,015800
2015200,2015200,Bronx,015200,015200
3083400,3083400,Brooklyn,083400,083400
3085400,3085200,Brooklyn,085400,085200
2044800,2044800,Bronx,044800,044800
2034400,2034400,Bronx,034400,034400
3025901,3025901,Brooklyn,025901,025901
3025902,3025902,Brooklyn,025902,025902
2022404,2022404,Bronx,022404,022404
4094700,4094700,Queens,094700,094700
4140300,4140300,Queens,140300,140300
4061302,4061302,Queens,061302,061302
4062300,4062300,Queens,062300,062300
4062500,4062500,Queens,062500,062500
4074500,4074500,Queens,074500,074500
4114100,4114100,Queens,114100,114100
4045000,4045000,Queens,045000,045000
4122300,4122300,Queens,122300,122300
4134100,4134100,Queens,134100,134100
4015200,4015200,Queens,015200,015200
4004700,4004700,Queens,004700,004700
4092500,4092500,Queens,092500,092500
3076600,3076600,Brooklyn,076600,076600
1012000,1012000,Manhattan,012000,012000
3052900,3052900,Brooklyn,052900,052900
4045600,4045600,Queens,045600,045600
2022800,2022800,Bronx,022800,022800
2027300,2027300,Bronx,027300,027300
2042000,2042000,Bronx,042000,042000
2040800,2040800,Bronx,040800,040800
3025700,3025700,Brooklyn,025700,025700
2026701,2026701,Bronx,026701,026701
4063301,4063301,Queens,063301,063301
2024400,2024400,Bronx,024400,024400
4086500,4086500,Queens,086500,086500
4104700,4104700,Queens,104700,104700
4115900,4115900,Queens,115900,115900
2022703,2022703,Bronx,022703,022703
2022702,2022702,Bronx,022702,022702
5017009,5017009,Staten Island,017009,017009
1015001,1015001,Manhattan,015001,015001
4004500,4004500,Queens,004500,004500
4005300,4005300,Queens,005300,005300
3117400,3117400,Brooklyn,117400,117400
3117601,3117601,Brooklyn,117601,117601
3003600,3003600,Brooklyn,003600,003600
3006800,3006800,Brooklyn,006800,006800
4005700,4005700,Queens,005700,005700
4054800,4054800,Queens,054800,054800
4015700,4015700,Queens,015700,015700
3051100,3051100,Brooklyn,051100,051100
1022600,1022600,Manhattan,022600,022600
3102200,3102200,Brooklyn,102200,102200
1005501,1005501,Manhattan,005501,005501
2026500,2026500,Bronx,026500,026500
3043800,3043800,Brooklyn,043800,043800
2038200,2038200,Bronx,038200,038200
3049400,3049400,Brooklyn,049400,049400
4049200,4049201,Queens,049200,049201
4012200,4012200,Queens,012200,012200
4015000,4015000,Queens,015000,015000
3038500,3038500,Brooklyn,038500,038500
4012000,4012000,Queens,012000,012000
4014800,4014800,Queens,014800,014800
3014900,3014902,Brooklyn,014900,014902
3014700,3014700,Brooklyn,014700,014700
4146700,4146700,Queens,146700,146700
1000100,,Manhattan,000100,
3044800,3044800,Brooklyn,044800,044800
3080200,3080200,Brooklyn,080200,080200
3075800,3075800,Brooklyn,075800,075800
4040500,4040702,Queens,040500,040702
4040700,4040702,Queens,040700,040702
4040900,4040902,Queens,040900,040902
1013100,1013100,Manhattan,013100,013100
4025700,4025700,Queens,025700,025700
2021002,2021002,Bronx,021002,021002
2038800,2038800,Bronx,038800,038800
2038600,2038600,Bronx,038600,038600
2004600,2004600,Bronx,004600,004600
3011200,3011200,Brooklyn,011200,011200
3039400,3039400,Brooklyn,039400,039400
3041600,3041600,Brooklyn,041600,041600
3072000,3072000,Brooklyn,072000,072000
3072200,3072200,Brooklyn,072200,072200
4083800,4083800,Queens,083800,083800
1017402,1017402,Manhattan,017402,017402
4046400,4046400,Queens,046400,046400
3026500,3026500,Brooklyn,026500,026500
4084601,4084601,Queens,084601,084601
4139900,4139900,Queens,139900,139900
4144100,4144100,Queens,144100,144100
2018400,2018400,Bronx,018400,018400
2016400,2016400,Bronx,016400,016400
4006900,4006900,Queens,006900,006900
3015000,3015000,Brooklyn,015000,015000
1007000,1007001,Manhattan,007000,007001
4009500,4009500,Queens,009500,009500
4035200,4035200,Queens,035200,035200
3118201,3118201,Brooklyn,118201,118201
4041400,4041400,Queens,041400,041400
4077908,4077908,Queens,077908,077908
3018300,3018300,Brooklyn,018300,018300
3018700,3018700,Brooklyn,018700,018700
4015801,4015801,Queens,015801,015801
1007200,1007200,Manhattan,007200,007200
4043900,4043900,Queens,043900,043900
3036900,3036900,Brooklyn,036900,036900
4145101,4145101,Queens,145101,145101
4019800,4019800,Queens,019800,019800
4019600,4019600,Queens,019600,019600
4043701,4043701,Queens,043701,043701
4043702,4043702,Queens,043702,043702
4025800,4025800,Queens,025800,025800
3052300,3052300,Brooklyn,052300,052300
3037401,3037401,Brooklyn,037401,037401
3059000,3059000,Brooklyn,059000,059000
4002400,4002400,Queens,002400,002400
4002600,4002600,Queens,002600,002600
4113300,4113300,Queens,113300,113300
3059800,3059800,Brooklyn,059800,059800
3047800,3047800,Brooklyn,047800,047800
3017900,3017900,Brooklyn,017900,017900
3020500,3020500,Brooklyn,020500,020500
3032100,3032100,Brooklyn,032100,032100
3024400,3024400,Brooklyn,024400,024400
3046800,3046800,Brooklyn,046800,046800
3027500,3027500,Brooklyn,027500,027500
3027700,3027700,Brooklyn,027700,027700
2007400,2007400,Bronx,007400,007400
2008600,2008600,Bronx,008600,008600
2022101,2022101,Bronx,022101,022101
4009800,4009800,Queens,009800,009800
4070700,4070700,Queens,070700,070700
3048900,3048900,Brooklyn,048900,048900
1008200,1008200,Manhattan,008200,008200
3079801,3079801,Brooklyn,079801,079801
4134700,4134702,Queens,134700,134702
4040400,4040400,Queens,040400,040400
4008300,4008300,Queens,008300,008300
4062600,4062600,Queens,062600,062600
4021400,4021400,Queens,021400,021400
3028000,3028000,Brooklyn,028000,028000
4014201,4014201,Queens,014201,014201
4045200,4045200,Queens,045200,045200
3030700,3030700,Brooklyn,030700,030700
3034700,3034700,Brooklyn,034700,034700
4085700,4085700,Queens,085700,085700
4015100,4015100,Queens,015100,015100
1025500,,Manhattan,025500,
2034300,2034300,Bronx,034300,034300
4042700,4042700,Queens,042700,042700
4026000,4026000,Queens,026000,026000
4026200,4026200,Queens,026200,026200
2021501,2021501,Bronx,021501,021501
4018300,4018300,Queens,018300,018300
4025301,4025301,Queens,025301,025301
2014400,2014400,Bronx,014400,014400
2026601,2026601,Bronx,026601,026601
2026602,2026602,Bronx,026602,026602
4010000,4010000,Queens,010000,010000
3030600,3030600,Brooklyn,030600,030600
3030300,3030300,Brooklyn,030300,030300
3079602,3079602,Brooklyn,079602,079602
3082000,3082000,Brooklyn,082000,082000
3082200,3082200,Brooklyn,082200,082200
3078200,3078200,Brooklyn,078200,078200
4018101,4018101,Queens,018101,018101
4018102,4018102,Queens,018102,018102
4115500,4115500,Queens,115500,115500
3054600,3054600,Brooklyn,054600,054600
3054800,3054800,Brooklyn,054800,054800
3087600,3087600,Brooklyn,087600,087600
3022400,3022400,Brooklyn,022400,022400
3048800,3048800,Brooklyn,048800,048800
3022600,3022600,Brooklyn,022600,022600
3022800,3022800,Brooklyn,022800,022800
3049600,3049600,Brooklyn,049600,049600
3049800,3049800,Brooklyn,049800,049800
3006400,3006400,Brooklyn,006400,006400
3006200,3006200,Brooklyn,006200,006200
3014800,3014800,Brooklyn,014800,014800
3023400,3023400,Brooklyn,023400,023400
3011600,3011600,Brooklyn,011600,011600
3021600,3021600,Brooklyn,021600,021600
3010600,3010602,Brooklyn,010600,010602
4042400,4042400,Queens,042400,042400
3051002,3051002,Brooklyn,051002,051002
3049000,3049000,Brooklyn,049000,049000
3049200,3049200,Brooklyn,049200,049200
3029500,3029500,Brooklyn,029500,029500
3038300,3038300,Brooklyn,038300,038300
3039200,3039200,Brooklyn,039200,039200
4061000,4061000,Queens,061000,061000
4061200,4061200,Queens,061200,061200
4052100,4052100,Queens,052100,052100
4035800,4035800,Queens,035800,035800
4064600,4064600,Queens,064600,064600
3077000,3077000,Brooklyn,077000,077000
3019900,3019900,Brooklyn,019900,019900
3020100,3020100,Brooklyn,020100,020100
3036100,3036100,Brooklyn,036100,036100
3031100,3031100,Brooklyn,031100,031100
3096200,3096200,Brooklyn,096200,096200
4017800,4017800,Queens,017800,017800
4084000,4084000,Queens,084000,084000
3061003,3061003,Brooklyn,061003,061003
4057700,4057700,Queens,057700,057700
4057900,4057900,Queens,057900,057900
4003000,4003000,Queens,003000,003000
4023600,4023600,Queens,023600,023600
4023800,4023800,Queens,023800,023800
4043200,4043200,Queens,043200,043200
2035900,2035900,Bronx,035900,035900
2036100,2036100,Bronx,036100,036100
4010800,4010800,Queens,010800,010800
4027800,4027800,Queens,027800,027800
4018200,4018200,Queens,018200,018200
4018600,4018600,Queens,018600,018600
4052200,4052200,Queens,052200,052200
4051600,4051600,Queens,051600,051600
4048400,4048400,Queens,048400,048400
2024800,2024800,Bronx,024800,024800
5001100,5001100,Staten Island,001100,001100
4065000,4065000,Queens,065000,065000
2031600,2031600,Bronx,031600,031600
2032400,2032400,Bronx,032400,032400
2032600,2032600,Bronx,032600,032600
3030200,3030200,Brooklyn,030200,030200
3018200,3018200,Brooklyn,018200,018200
3040200,3040200,Brooklyn,040200,040200
5010500,5010500,Staten Island,010500,010500
2040702,2040702,Bronx,040702,040702
2031800,2031800,Bronx,031800,031800
2045800,2045800,Bronx,045800,045800
5002900,5002900,Staten Island,002900,002900
4010100,4010100,Queens,010100,010100
4009700,4009700,Queens,009700,009700
5013301,5013301,Staten Island,013301,013301
3116800,3116800,Brooklyn,116800,116800
3042500,3042500,Brooklyn,042500,042500
3038900,3038900,Brooklyn,038900,038900
3072400,3072400,Brooklyn,072400,072400
3094402,3094402,Brooklyn,094402,094402
3112200,3112200,Brooklyn,112200,112200
3095600,3095600,Brooklyn,095600,095600
3098800,3098800,Brooklyn,098800,098800
3099000,3099000,Brooklyn,099000,099000
1022000,1022000,Manhattan,022000,022000
3101200,3101200,Brooklyn,101200,101200
3081600,3081600,Brooklyn,081600,081600
1018000,1018000,Manhattan,018000,018000
3050900,3050900,Brooklyn,050900,050900
2024502,2024502,Bronx,024502,024502
3088400,3088400,Brooklyn,088400,088400
3089400,3089400,Brooklyn,089400,089400
1008900,1008900,Manhattan,008900,008900
1009300,1009300,Manhattan,009300,009300
3037900,3037900,Brooklyn,037900,037900
3035300,3035302,Brooklyn,035300,035302
3029900,3029900,Brooklyn,029900,029900
3088200,3088200,Brooklyn,088200,088200
2033600,2033601,Bronx,033600,033601
3101800,3101600,Brooklyn,101800,101600
4023500,4023502,Queens,023500,023502
4056700,4056700,Queens,056700,056700
3040500,3040500,Brooklyn,040500,040500
5027704,5027704,Staten Island,027704,027704
5019700,5019700,Staten Island,019700,019700
3085800,3085800,Brooklyn,085800,085800
3085200,3085200,Brooklyn,085200,085200
3086000,3086000,Brooklyn,086000,086000
4062900,4062900,Queens,062900,062900
3040700,3040700,Brooklyn,040700,040700
3043700,3043700,Brooklyn,043700,043700
4055500,4055500,Queens,055500,055500
2013000,2013000,Bronx,013000,013000
5012100,5012100,Staten Island,012100,012100
4001200,4001200,Queens,001200,001200
3093800,3093800,Brooklyn,093800,093800
1008300,1008300,Manhattan,008300,008300
4150702,4150702,Queens,150702,150702
2001600,2001600,Bronx,001600,001600
2004200,2004200,Bronx,004200,004200
1009400,1009400,Manhattan,009400,009400
1009600,1009600,Manhattan,009600,009600
1011201,1011201,Manhattan,011201,011201
1011202,1011202,Manhattan,011202,011202
1010900,1010900,Manhattan,010900,010900
2006400,2006400,Bronx,006400,006400
4136700,4136700,Queens,136700,136700
2020900,2020900,Bronx,020900,020900
2022500,2022500,Bronx,022500,022500
2007200,2007200,Bronx,007200,007200
2007600,2007600,Bronx,007600,007600
3055300,3055300,Brooklyn,055300,055300
4056500,4056500,Queens,056500,056500
4000600,4000600,Queens,000600,000600
4000800,4000800,Queens,000800,000800
3051900,3051900,Brooklyn,051900,051900
3035000,3035000,Brooklyn,035000,035000
3036200,3036200,Brooklyn,036200,036200
1018600,1018600,Manhattan,018600,018600
3070000,3070000,Brooklyn,070000,070000
1012200,1012200,Manhattan,012200,012200
1015002,1015002,Manhattan,015002,015002
1016001,1016001,Manhattan,016001,016001
1016900,1016900,Manhattan,016900,016900
1017401,1017401,Manhattan,017401,017401
1017200,1017200,Manhattan,017200,017200
1016500,1016500,Manhattan,016500,016500
3029000,3029000,Brooklyn,029000,029000
3029600,3029600,Brooklyn,029600,029600
3012100,3012100,Brooklyn,012100,012100
3078600,3078602,Brooklyn,078600,078602
3095000,3095000,Brooklyn,095000,095000
5027705,5027705,Staten Island,027705,027705
1023100,1023100,Manhattan,023100,023100
4017900,4017902,Queens,017900,017902
3003800,,Brooklyn,003800,
5014608,5014608,Staten Island,014608,014608
4066300,4066302,Queens,066300,066302
4061800,4061800,Queens,061800,061800
4063200,4063200,Queens,063200,063200
2031900,2031900,Bronx,031900,031900
4155101,4155101,Queens,155101,155101
3091800,3091800,Brooklyn,091800,091800
4075702,4075702,Queens,075702,075702
2024501,2024501,Bronx,024501,024501
3031900,3031900,Brooklyn,031900,031900
3033300,3033300,Brooklyn,033300,033300
4036700,4036700,Queens,036700,036700
4036500,4036500,Queens,036500,036500
1013300,1013300,Manhattan,013300,013300
1012700,1012700,Manhattan,012700,012700
1010100,1010100,Manhattan,010100,010100
1022800,1022800,Manhattan,022800,022800
1003601,1003601,Manhattan,003601,003601
1004300,1004300,Manhattan,004300,004300
1016100,1016100,Manhattan,016100,016100
2030900,,Bronx,030900,
2013200,,Bronx,013200,
5018901,5018901,Staten Island,018901,018901
5025100,5025100,Staten Island,025100,025100
5017300,5017300,Staten Island,017300,017300
1015400,1015402,Manhattan,015400,015402
4004002,4004002,Queens,004002,004002
3036001,3036001,Brooklyn,036001,036001
3115800,3115800,Brooklyn,115800,115800
3123700,3123700,Brooklyn,123700,123700
3074200,3074200,Brooklyn,074200,074200
4152902,4152902,Queens,152902,152902
3018501,3018501,Brooklyn,018501,018501
1021303,1021303,Manhattan,021303,021303
5024401,5024401,Staten Island,024401,024401
3005000,,Brooklyn,005000,
1006800,1006800,Manhattan,006800,006800
1017700,1017700,Manhattan,017700,017700
1018700,1018700,Manhattan,018700,018700
1022200,1022200,Manhattan,022200,022200
1003602,1003602,Manhattan,003602,003602
3005201,,Brooklyn,005201,
3005202,,Brooklyn,005202,
4145900,4145900,Queens,145900,145900
1002602,1002602,Manhattan,002602,002602
1021800,1021800,Manhattan,021800,021800
2024100,2024100,Bronx,024100,024100
1005400,1005400,Manhattan,005400,005400
1020701,1020701,Manhattan,020701,020701
1017100,1017100,Manhattan,017100,017100
2018102,2018102,Bronx,018102,018102
1027100,1027100,Manhattan,027100,027100
1029500,1029500,Manhattan,029500,029500
2002500,2002500,Bronx,002500,002500
2003900,2003900,Bronx,003900,003900
1004000,1004001,Manhattan,004000,004001
2023900,2023900,Bronx,023900,023900
2002701,2002701,Bronx,002701,002701
2002702,2002702,Bronx,002702,002702
1008100,1008100,Manhattan,008100,008100
1017500,1017500,Manhattan,017500,017500
1017300,1017300,Manhattan,017300,017300
2041500,2041500,Bronx,041500,041500
2023301,2023301,Bronx,023301,023301
2017901,2017901,Bronx,017901,017901
1019900,1019900,Manhattan,019900,019900
4072300,4072300,Queens,072300,072300
4073700,4073700,Queens,073700,073700
2022902,2022902,Bronx,022902,022902
3061004,3061004,Brooklyn,061004,061004
3061200,3061200,Brooklyn,061200,061200
3117800,3117800,Brooklyn,117800,117800
5004000,5004002,Staten Island,004000,004002
4065400,4065401,Queens,065400,065401
3088800,3088800,Brooklyn,088800,088800
4036600,4036600,Queens,036600,036600
1008000,1008000,Manhattan,008000,008000
4138501,4138501,Queens,138501,138501
3007600,3007600,Brooklyn,007600,007600
3034000,3034000,Brooklyn,034000,034000
3005400,3005400,Brooklyn,005400,005400
4039800,4039800,Queens,039800,039800
4052800,4052800,Queens,052800,052800
4079000,4079000,Queens,079000,079000
4078800,4078800,Queens,078800,078800
3002000,3002000,Brooklyn,002000,002000
4137700,4137700,Queens,137700,137700
3016000,3016000,Brooklyn,016000,016000
2024900,2024900,Bronx,024900,024900
1005800,1005800,Manhattan,005800,005800
4004300,4004300,Queens,004300,004300
4008500,4008500,Queens,008500,008500
4077903,4077903,Queens,077903,077903
4053800,4053800,Queens,053800,053800
4058200,4058200,Queens,058200,058200
4056600,4056600,Queens,056600,056600
1006700,1006700,Manhattan,006700,006700
1007300,1007300,Manhattan,007300,007300
3036501,3036501,Brooklyn,036501,036501
1003400,1003400,Manhattan,003400,003400
1002800,1002800,Manhattan,002800,002800
3036400,3036400,Brooklyn,036400,036400
4071304,4071304,Queens,071304,071304
2012701,2012701,Bronx,012701,012701
2012102,2012102,Bronx,012102,012102
4064101,4064101,Queens,064101,064101
1026500,1026500,Manhattan,026500,026500
4028700,4028700,Queens,028700,028700
4030903,4030903,Queens,030903,030903
2006500,2006500,Bronx,006500,006500
3013200,3013200,Brooklyn,013200,013200
5002002,5002002,Staten Island,002002,002002
4065600,4065600,Queens,065600,065600
4036800,4036800,Queens,036800,036800
4042600,4042600,Queens,042600,042600
4027600,4027600,Queens,027600,027600
4068200,4068200,Queens,068200,068200
3016600,3016600,Brooklyn,016600,016600
4000200,4000200,Queens,000200,000200
3118000,3118000,Brooklyn,118000,118000
2037400,2037400,Bronx,037400,037400
3038100,3038100,Brooklyn,038100,038100
2051600,,Bronx,051600,
4018700,4018700,Queens,018700,018700
4018900,4018900,Queens,018900,018900
3119200,3119200,Brooklyn,119200,119200
3069601,3069601,Brooklyn,069601,069601
3032600,3032600,Brooklyn,032600,032600
4055700,4055700,Queens,055700,055700
4048100,4048100,Queens,048100,048100
4079200,4079200,Queens,079200,079200
4011100,4011100,Queens,011100,011100
4050600,4050600,Queens,050600,050600
3031500,3031500,Brooklyn,031500,031500
3031300,3031300,Brooklyn,031300,031300
4080301,4080301,Queens,080301,080301
1010000,1010000,Manhattan,010000,010000
1010800,1010802,Manhattan,010800,010802
1024301,1024301,Manhattan,024301,024301
2037300,2037300,Bronx,037300,037300
1021500,1021500,Manhattan,021500,021500
1021703,1021703,Manhattan,021703,021703
3121400,3121400,Brooklyn,121400,121400
2021302,2021302,Bronx,021302,021302
2021900,2021900,Bronx,021900,021900
3110600,3110600,Brooklyn,110600,110600
1018100,1018100,Manhattan,018100,018100
2012901,2012901,Bronx,012901,012901
1004800,1004800,Manhattan,004800,004800
1015700,1015700,Manhattan,015700,015700
2007900,2007900,Bronx,007900,007900
4109700,4109700,Queens,109700,109700
4109900,4109900,Queens,109900,109900
3036300,3036300,Brooklyn,036300,036300
3090600,3090600,Brooklyn,090600,090600
4105900,4105900,Queens,105900,105900
4115100,4115100,Queens,115100,115100
3037500,3037500,Brooklyn,037500,037500
3037700,3037700,Brooklyn,037700,037700
3040900,3040900,Brooklyn,040900,040900
4055900,4055900,Queens,055900,055900
4117100,4117100,Queens,117100,117100
4122701,4122703,Queens,122701,122703
4080900,4080900,Queens,080900,080900
4122702,4122702,Queens,122702,122702
2015300,2015300,Bronx,015300,015300
4124100,4124100,Queens,124100,124100
4140901,4140901,Queens,140901,140901
4140902,4140902,Queens,140902,140902
4142900,4142900,Queens,142900,142900
2023600,2023600,Bronx,023600,023600
4037600,4037600,Queens,037600,037600
4038400,4038400,Queens,038400,038400
2025000,2025000,Bronx,025000,025000
2025200,2025200,Bronx,025200,025200
2025100,2025100,Bronx,025100,025100
2025300,2025300,Bronx,025300,025300
2028500,2028500,Bronx,028500,028500
3048200,3048200,Brooklyn,048200,048200
4143500,4143500,Queens,143500,143500
4144700,4144700,Queens,144700,144700
3053100,3053102,Brooklyn,053100,053102
3053300,3053300,Brooklyn,053300,053300
4051000,4051000,Queens,051000,051000
4053200,4053200,Queens,053200,053200
3055600,3055600,Brooklyn,055600,055600
2037000,2037000,Bronx,037000,037000
4157903,4157903,Queens,157903,157903
3064200,3064200,Brooklyn,064200,064200
3064400,3064400,Brooklyn,064400,064400
5001700,5001700,Staten Island,001700,001700
4059000,4059000,Queens,059000,059000
4033900,4033900,Queens,033900,033900
4055400,4055400,Queens,055400,055400
4056200,4056200,Queens,056200,056200
4020400,4020400,Queens,020400,020400
4025400,4025402,Queens,025400,025402
4066701,4066701,Queens,066701,066701
4027000,4027000,Queens,027000,027000
4028200,4028200,Queens,028200,028200
4033401,4033401,Queens,033401,033401
4019000,4019000,Queens,019000,019000
4027200,4027200,Queens,027200,027200
4018402,4018402,Queens,018402,018402
5008900,,Staten Island,008900,
3083000,3083000,Brooklyn,083000,083000
4041100,4041100,Queens,041100,041100
4046100,4046100,Queens,046100,046100
3082800,3082800,Brooklyn,082800,082800
3078800,3078801,Brooklyn,078800,078801
3079000,3079002,Brooklyn,079000,079002
2044400,2044400,Bronx,044400,044400
4016400,4016400,Queens,016400,016400
4026400,4026400,Queens,026400,026400
4026600,4026600,Queens,026600,026600
3086600,3086600,Brooklyn,086600,086600
3088000,3088002,Brooklyn,088000,088002
3095800,3095800,Brooklyn,095800,095800
4050400,4050400,Queens,050400,050400
3116600,3116600,Brooklyn,116600,116600
4023000,4023000,Queens,023000,023000
4023200,4023200,Queens,023200,023200
3115000,3115000,Brooklyn,115000,115000
3116200,3116200,Brooklyn,116200,116200
3004500,3004500,Brooklyn,004500,004500
3004900,3004900,Brooklyn,004900,004900
4118100,4118100,Queens,118100,118100
4146300,4146300,Queens,146300,146300
3008000,3008000,Brooklyn,008000,008000
3008200,3008200,Brooklyn,008200,008200
4071701,4071701,Queens,071701,071701
4047000,4047000,Queens,047000,047000
4048000,4048000,Queens,048000,048000
4005000,4005000,Queens,005000,005000
3013000,3013000,Brooklyn,013000,013000
4044302,4044302,Queens,044302,044302
4087100,4087100,Queens,087100,087100
4085900,4085900,Queens,085900,085900
4079702,4079702,Queens,079702,079702
4006501,4006501,Queens,006501,006501
4007100,4007100,Queens,007100,007100
4006300,4006300,Queens,006300,006300
4007500,4007500,Queens,007500,007500
4077907,4077907,Queens,077907,077907
4007300,4007300,Queens,007300,007300
4007700,4007700,Queens,007700,007700
4007900,4007900,Queens,007900,007900
3015700,3015700,Brooklyn,015700,015700
4009600,4009600,Queens,009600,009600
4086400,4086400,Queens,086400,086400
4083700,4083700,Queens,083700,083700
4121500,4121500,Queens,121500,121500
4035300,4035300,Queens,035300,035300
4036100,4036100,Queens,036100,036100
4036300,4036300,Queens,036300,036300
3018000,3018000,Brooklyn,018000,018000
4011500,4011500,Queens,011500,011500
4028100,4028100,Queens,028100,028100
4033700,4033700,Queens,033700,033700
3018400,3018400,Brooklyn,018400,018400
3018600,3018600,Brooklyn,018600,018600
3042100,3042100,Brooklyn,042100,042100
3043100,3043100,Brooklyn,043100,043100
4016100,4016100,Queens,016100,016100
4018501,4018501,Queens,018501,018501
4018502,4018502,Queens,018502,018502
3020800,3020800,Brooklyn,020800,020800
3052600,3052600,Brooklyn,052600,052600
4026700,4026700,Queens,026700,026700
3023000,3023000,Brooklyn,023000,023000
3023200,3023200,Brooklyn,023200,023200
3026200,3026200,Brooklyn,026200,026200
3028100,3028100,Brooklyn,028100,028100
3026800,3026800,Brooklyn,026800,026800
3026400,3026400,Brooklyn,026400,026400
3027400,3027400,Brooklyn,027400,027400
3028700,3028700,Brooklyn,028700,028700
1015300,1015302,Manhattan,015300,015302
1015801,1015801,Manhattan,015801,015801
3033100,3033100,Brooklyn,033100,033100
3035500,3035500,Brooklyn,035500,035500
2020200,2020200,Bronx,020200,020200
1015802,1015802,Manhattan,015802,015802
2037100,2037100,Bronx,037100,037100
1004100,1004100,Manhattan,004100,004100
1019300,1019300,Manhattan,019300,019300
1019702,1019702,Manhattan,019702,019702
1006400,1006400,Manhattan,006400,006400
4118500,4118500,Queens,118500,118500
4119100,4119100,Queens,119100,119100
1009500,1009500,Manhattan,009500,009500
4119900,4119900,Queens,119900,119900
4120700,4120702,Queens,120700,120702
3017200,3017200,Brooklyn,017200,017200
3048000,3048000,Brooklyn,048000,048000
1023400,1023400,Manhattan,023400,023400
2044200,2044200,Bronx,044200,044200
1012100,1012102,Manhattan,012100,012102
1013600,1013602,Manhattan,013600,013602
4129104,4129104,Queens,129104,129104
4148300,4148300,Queens,148300,148300
4100801,4100801,Queens,100801,100801
4099704,4099704,Queens,099704,099704
3028501,3028501,Brooklyn,028501,028501
5002700,5002700,Staten Island,002700,002700
5000600,,Staten Island,000600,
3017800,3017800,Brooklyn,017800,017800
3027600,3027600,Brooklyn,027600,027600
4101002,4101002,Queens,101002,101002
2002300,2002300,Bronx,002300,002300
1001401,1001401,Manhattan,001401,001401
1007800,1007800,Manhattan,007800,007800
1017800,1017800,Manhattan,017800,017800
2028800,2028800,Bronx,028800,028800
3069800,,Brooklyn,069800,
4074700,4074700,Queens,074700,074700
4109300,4109300,Queens,109300,109300
4111300,4111300,Queens,111300,111300
5009700,5009701,Staten Island,009700,009701
4155102,4155103,Queens,155102,155103
4157902,4157902,Queens,157902,157902
1001402,1001402,Manhattan,001402,001402
1001800,1001800,Manhattan,001800,001800
3041402,3041402,Brooklyn,041402,041402
3041800,3041800,Brooklyn,041800,041800
3035700,3035702,Brooklyn,035700,035702
3035900,3035900,Brooklyn,035900,035900
3084600,3084600,Brooklyn,084600,084600
3093200,3093200,Brooklyn,093200,093200
3028200,3028200,Brooklyn,028200,028200
3017600,3017600,Brooklyn,017600,017600
3017400,3017400,Brooklyn,017400,017400
3005601,,Brooklyn,005601,
3004400,,Brooklyn,004400,
3075600,3075600,Brooklyn,075600,075600
2034000,2034000,Bronx,034000,034000
2034200,2034200,Bronx,034200,034200
4018000,4018000,Queens,018000,018000
4081800,4081800,Queens,081800,081800
3051300,3051300,Brooklyn,051300,051300
3052700,3052700,Brooklyn,052700,052700
2044902,2044902,Bronx,044902,044902
1011800,1011800,Manhattan,011800,011800
1012600,1012601,Manhattan,012600,012601
5008100,5008100,Staten Island,008100,008100
5017012,5017012,Staten Island,017012,017012
3073200,3073200,Brooklyn,073200,073200
5007400,5007400,Staten Island,007400,007400
5012806,5012806,Staten Island,012806,012806
3111600,3111600,Brooklyn,111600,111600
3070203,,Brooklyn,070203,
3121000,3121000,Brooklyn,121000,121000
3028600,3028600,Brooklyn,028600,028600
1022301,1022301,Manhattan,022301,022301
3020700,3020700,Brooklyn,020700,020700
3089200,3089200,Brooklyn,089200,089200
3090000,3090000,Brooklyn,090000,090000
3014000,3014000,Brooklyn,014000,014000
3014200,3014200,Brooklyn,014200,014200
3020600,3020600,Brooklyn,020600,020600
4018401,4018401,Queens,018401,018401
3036002,3036002,Brooklyn,036002,036002
3061002,,Brooklyn,061002,
3058800,3058800,Brooklyn,058800,058800
3058200,3058200,Brooklyn,058200,058200
3058400,3058400,Brooklyn,058400,058400
3040600,3040600,Brooklyn,040600,040600
3035602,3035602,Brooklyn,035602,035602
3035601,3035601,Brooklyn,035601,035601
3035200,,Brooklyn,035200,
3033600,3033600,Brooklyn,033600,033600
5020100,5020100,Staten Island,020100,020100
2044901,2044901,Bronx,044901,044901
4049301,4049301,Queens,049301,049301
4049700,4049700,Queens,049700,049700
3032300,3032300,Brooklyn,032300,032300
1011203,1011203,Manhattan,011203,011203
1011402,1011402,Manhattan,011402,011402
2020400,2020400,Bronx,020400,020400
1023502,1023502,Manhattan,023502,023502
1009200,1009200,Manhattan,009200,009200
1022102,1022102,Manhattan,022102,022102
4056100,4056100,Queens,056100,056100
3114202,3114202,Brooklyn,114202,114202
1014801,1014801,Manhattan,014801,014801
3006700,3006700,Brooklyn,006700,006700
1003800,1003800,Manhattan,003800,003800
1005502,1005502,Manhattan,005502,005502
3025500,3025500,Brooklyn,025500,025500
4049900,4049900,Queens,049900,049900
3055700,3055700,Brooklyn,055700,055700
1014900,1014900,Manhattan,014900,014900
2013300,2013300,Bronx,013300,013300
2013500,2013500,Bronx,013500,013500
4080302,4080302,Queens,080302,080302
3010800,3010802,Brooklyn,010800,010802
3011400,3011400,Brooklyn,011400,011400
4084900,4084901,Queens,084900,084901
5024402,5024402,Staten Island,024402,024402
4092800,4092800,Queens,092800,092800
2039000,2039000,Bronx,039000,039000
2039200,2039200,Bronx,039200,039200
4091602,4091602,Queens,091602,091602
4094201,4094201,Queens,094201,094201
5030301,5030301,Staten Island,030301,030301
5030302,5030302,Staten Island,030302,030302
4032800,4032800,Queens,032800,032800
3008500,3008500,Brooklyn,008500,008500
2016000,,Bronx,016000,
4025100,4025100,Queens,025100,025100
4025500,4025500,Queens,025500,025500
4016900,4016900,Queens,016900,016900
2028600,2028600,Bronx,028600,028600
2014900,2014900,Bronx,014900,014900
2036300,2036300,Bronx,036300,036300
2036501,2036501,Bronx,036501,036501
2027700,2027700,Bronx,027700,027700
2027900,2027900,Bronx,027900,027900
3091200,3091200,Brooklyn,091200,091200
1002201,1002201,Manhattan,002201,002201
1016600,1016600,Manhattan,016600,016600
1020901,1020901,Manhattan,020901,020901
2008700,2008700,Bronx,008700,008700
1016400,1016400,Manhattan,016400,016400
4075701,4075701,Queens,075701,075701
4079701,4079701,Queens,079701,079701
4084500,4084500,Queens,084500,084500
4022002,4022002,Queens,022002,022002
1007700,1007700,Manhattan,007700,007700
4103900,4103900,Queens,103900,103900
3076400,3076400,Brooklyn,076400,076400
3046201,3046201,Brooklyn,046201,046201
2048400,2048401,Bronx,048400,048401
3072600,3072600,Brooklyn,072600,072600
3077600,3077600,Brooklyn,077600,077600
3078000,3078000,Brooklyn,078000,078000
3046000,3052800,Brooklyn,046000,052800
3045600,3045600,Brooklyn,045600,045600
3053000,3053000,Brooklyn,053000,053000
4049500,4049500,Queens,049500,049500
4049302,4049302,Queens,049302,049302
4051100,4051100,Queens,051100,051100
3008800,3008800,Brooklyn,008800,008800
3004100,3004100,Brooklyn,004100,004100
3012700,3012700,Brooklyn,012700,012700
3000301,3000301,Brooklyn,000301,000301
2024300,2024300,Bronx,024300,024300
1019600,1019600,Manhattan,019600,019600
4101001,4101004,Queens,101001,101004
5001800,5001800,Staten Island,001800,001800
5000300,,Staten Island,000300,
5000700,5000700,Staten Island,000700,000700
5012805,5012805,Staten Island,012805,012805
2037504,2037504,Bronx,037504,037504
2039100,2039100,Bronx,039100,039100
3073800,3073800,Brooklyn,073800,073800
3074400,3074400,Brooklyn,074400,074400
3074600,3074600,Brooklyn,074600,074600
2042600,2042600,Bronx,042600,042600
1001502,1001502,Manhattan,001502,001502
5017010,5017013,Staten Island,017010,017013
4147100,4147100,Queens,147100,147100
4005900,4005900,Queens,005900,005900
4006100,4006100,Queens,006100,006100
4058100,4058100,Queens,058100,058100
4058300,4058300,Queens,058300,058300
1023501,1023501,Manhattan,023501,023501
3080600,3080600,Brooklyn,080600,080600
3081000,3081000,Brooklyn,081000,081000
3085600,3085600,Brooklyn,085600,085600
4047900,4047900,Queens,047900,047900
4062400,4062400,Queens,062400,062400
1022302,,Manhattan,022302,
4133300,4133300,Queens,133300,133300
2021200,2021200,Bronx,021200,021200
4025302,4025302,Queens,025302,025302
3003100,3003101,Brooklyn,003100,003101
4065501,4065501,Queens,065501,065501
1014401,1014401,Manhattan,014401,014401
3012600,3012600,Brooklyn,012600,012600
1001600,1001600,Manhattan,001600,001600
4079300,4079300,Queens,079300,079300
1001200,1001200,Manhattan,001200,001200
3017500,3017500,Brooklyn,017500,017500
3008400,3008400,Brooklyn,008400,008400
5018902,5018902,Staten Island,018902,018902
3052000,3052000,Brooklyn,052000,052000
2029301,,Bronx,029301,
2042901,2042901,Bronx,042901,042901
4008600,4008600,Queens,008600,008600
3025400,3025400,Brooklyn,025400,025400
4050700,4050700,Queens,050700,050700
5020804,5020804,Staten Island,020804,020804
4005400,4005400,Queens,005400,005400
5031902,5031902,Staten Island,031902,031902
4066900,4066900,Queens,066900,066900
4048500,4048500,Queens,048500,048500
4012500,4012500,Queens,012500,012500
2043100,2043502,Bronx,043100,043502
4026300,4026300,Queens,026300,026300
5023100,5023100,Staten Island,023100,023100
4013000,4013000,Queens,013000,013000
3050801,3050801,Brooklyn,050801,050801
5023900,5023900,Staten Island,023900,023900
3059300,3059300,Brooklyn,059300,059300
4063700,4063700,Queens,063700,063700
4024900,4024900,Queens,024900,024900
3012200,3012200,Brooklyn,012200,012200
3021400,3021400,Brooklyn,021400,021400
3012902,3012902,Brooklyn,012902,012902
4077500,4077500,Queens,077500,077500
3011800,3011800,Brooklyn,011800,011800
4065900,4065900,Queens,065900,065900
5022300,,Staten Island,022300,
2002800,2002800,Bronx,002800,002800
1021000,1021000,Manhattan,021000,021000
3012000,3012000,Brooklyn,012000,012000
4063500,4063500,Queens,063500,063500
1021200,1021200,Manhattan,021200,021200
4073100,4073100,Queens,073100,073100
3024800,3024800,Brooklyn,024800,024800
4063900,4063900,Queens,063900,063900
4026100,4026100,Queens,026100,026100
2039700,2039700,Bronx,039700,039700
4102900,4102900,Queens,102900,102900
4085300,4085300,Queens,085300,085300
3031400,3031402,Brooklyn,031400,031402
4012301,4012301,Queens,012301,012301
2039300,2039300,Bronx,039300,039300
4066501,4066501,Queens,066501,066501
1015500,,Manhattan,015500,
4026500,4026501,Queens,026500,026501
3016100,3016100,Brooklyn,016100,016100
4161700,4161700,Queens,161700,161700
4046300,4046300,Queens,046300,046300
4066100,4066100,Queens,066100,066100
4047100,4047100,Queens,047100,047100
4063302,4063302,Queens,063302,063302
2035000,2035000,Bronx,035000,035000
3016300,3016300,Brooklyn,016300,016300
4004401,4004401,Queens,004401,004401
2040100,2040100,Bronx,040100,040100
2014300,2014300,Bronx,014300,014300
3003000,3003000,Brooklyn,003000,003000
4101700,4101700,Queens,101700,101700
4086300,4086300,Queens,086300,086300
4091900,4091900,Queens,091900,091900
2023702,2023702,Bronx,023702,023702
3030800,3030800,Brooklyn,030800,030800
4099701,4099701,Queens,099701,099701
4116300,4116301,Queens,116300,116301
3038200,3038200,Brooklyn,038200,038200
4029400,4029400,Queens,029400,029400
1020101,1020101,Manhattan,020101,020101
4005800,4005800,Queens,005800,005800
4028800,4028803,Queens,028800,028803
4116700,4116700,Queens,116700,116700
2039901,2039901,Bronx,039901,039901
4090700,4090700,Queens,090700,090700
4085500,4085500,Queens,085500,085500
3075400,3075400,Brooklyn,075400,075400
3048600,3048600,Brooklyn,048600,048600
3048400,3048400,Brooklyn,048400,048400
3025000,3025000,Brooklyn,025000,025000
4051500,4051500,Queens,051500,051500
3019200,3019200,Brooklyn,019200,019200
3075000,3075000,Brooklyn,075000,075000
1018500,1018500,Manhattan,018500,018500
3059100,3059100,Brooklyn,059100,059100
4022900,4022900,Queens,022900,022900
1018900,1018900,Manhattan,018900,018900
1014500,1014500,Manhattan,014500,014500
4056000,4056000,Queens,056000,056000
4010600,4010600,Queens,010600,010600
4016600,4016600,Queens,016600,016600
1013700,1013700,Manhattan,013700,013700
1013900,1013900,Manhattan,013900,013900
3050804,3050804,Brooklyn,050804,050804
2003300,2003300,Bronx,003300,003300
1025900,1025900,Manhattan,025900,025900
1006000,,Manhattan,006000,
1022700,1022700,Manhattan,022700,022700
3030400,3030400,Brooklyn,030400,030400
5013400,5013400,Staten Island,013400,013400
4015900,4015900,Queens,015900,015900
4015500,4015500,Queens,015500,015500
3094401,3094401,Brooklyn,094401,094401
3094600,3094600,Brooklyn,094600,094600
2009000,,Bronx,009000,
2020100,2020100,Bronx,020100,020100
4107202,,Queens,107202,
4107201,4107201,Queens,107201,107201
3034800,3034800,Brooklyn,034800,034800
1010601,,Manhattan,010601,
1006100,1006100,Manhattan,006100,006100
1014802,1014802,Manhattan,014802,014802
1012800,1012800,Manhattan,012800,012800
1025300,1025300,Manhattan,025300,025300
1019000,1019000,Manhattan,019000,019000
1005900,1005900,Manhattan,005900,005900
1014602,1014602,Manhattan,014602,014602
5011401,5011401,Staten Island,011401,011401
1014601,1014601,Manhattan,014601,014601
5012200,5012200,Staten Island,012200,012200
1000700,,Manhattan,000700,
1027500,,Manhattan,027500,
1026300,1026300,Manhattan,026300,026300
1000900,,Manhattan,000900,
1026100,1026100,Manhattan,026100,026100
1003001,1003001,Manhattan,003001,003001
1018200,1018200,Manhattan,018200,018200
1018800,1018800,Manhattan,018800,018800
1013400,1013400,Manhattan,013400,013400
1013200,1013202,Manhattan,013200,013202
1014000,1014000,Manhattan,014000,014000
1013800,1013800,Manhattan,013800,013800
1014402,1014402,Manhattan,014402,014402
1003002,1003002,Manhattan,003002,003002
1017900,1017900,Manhattan,017900,017900
1018300,1018300,Manhattan,018300,018300
1014200,1014200,Manhattan,014200,014200
1002202,1002202,Manhattan,002202,002202
1004900,1004900,Manhattan,004900,004900
5011201,5011201,Staten Island,011201,011201
3019700,3019700,Brooklyn,019700,019700
3023100,3023100,Brooklyn,023100,023100
5027302,5027302,Staten Island,027302,027302
5027301,5027301,Staten Island,027301,027301
3034500,3034500,Brooklyn,034500,034500
4045500,4045500,Queens,045500,045500
4071702,4071702,Queens,071702,071702
2036700,2036700,Bronx,036700,036700
3082600,3082600,Brooklyn,082600,082600
2036502,2036502,Bronx,036502,036502
3082400,3082400,Brooklyn,082400,082400
3047400,3047400,Brooklyn,047400,047400
1023200,1023200,Manhattan,023200,023200
2007700,2007700,Bronx,007700,007700
3022700,3022700,Brooklyn,022700,022700
3034300,3034300,Brooklyn,034300,034300
2022401,2022401,Bronx,022401,022401
1019701,1019701,Manhattan,019701,019701
5015400,5015400,Staten Island,015400,015400
2015500,2015500,Bronx,015500,015500
5020801,5020806,Staten Island,020801,020806
1025700,1025700,Manhattan,025700,025700
1020102,1020102,Manhattan,020102,020102
3045800,3045800,Brooklyn,045800,045800
3040300,3040300,Brooklyn,040300,040300
3041100,3041100,Brooklyn,041100,041100
5017007,5017007,Staten Island,017007,017007
2038500,2038500,Bronx,038500,038500
3006500,3006500,Brooklyn,006500,006500
3119000,3119000,Brooklyn,119000,119000
1005600,1005600,Manhattan,005600,005600
1007400,1007400,Manhattan,007400,007400
1006600,1006600,Manhattan,006600,006600
3119600,3119600,Brooklyn,119600,119600
4076902,4076902,Queens,076902,076902
3009600,3009600,Brooklyn,009600,009600
3061600,3061600,Brooklyn,061600,061600
3021800,3021800,Brooklyn,021800,021800
3009400,3009402,Brooklyn,009400,009402
3039000,3039000,Brooklyn,039000,039000
3022000,3022000,Brooklyn,022000,022000
4033100,4033100,Queens,033100,033100
3007100,3007100,Brooklyn,007100,007100
3062000,3062000,Brooklyn,062000,062000
3037000,3037000,Brooklyn,037000,037000
4009100,4009100,Queens,009100,009100
4029900,4029900,Queens,029900,029900
2027401,2027401,Bronx,027401,027401
4071306,4071306,Queens,071306,071306
3025600,3025600,Brooklyn,025600,025600
4129103,4129103,Queens,129103,129103
3043200,3043200,Brooklyn,043200,043200
4157102,4157102,Queens,157102,157102
1023300,,Manhattan,023300,
3057900,3057902,Brooklyn,057900,057902
3058900,3058902,Brooklyn,058900,058902
2041300,2041300,Bronx,041300,041300
2045101,2045101,Bronx,045101,045101
2016500,2016500,Bronx,016500,016500
2014701,2014701,Bronx,014701,014701
3077200,3077200,Brooklyn,077200,077200
1013500,,Manhattan,013500,
4157101,4157101,Queens,157101,157101
2014500,2014500,Bronx,014500,014500
3077400,3077200,Brooklyn,077400,077200
2041100,2041100,Bronx,041100,041100
4052500,4052500,Queens,052500,052500
4006202,4006202,Queens,006202,006202
4068000,4068000,Queens,068000,068000
4013700,4013700,Queens,013700,013700
3105804,3105804,Brooklyn,105804,105804
4008800,4008800,Queens,008800,008800
4056800,4056800,Queens,056800,056800
4032000,4032000,Queens,032000,032000
4048300,4048302,Queens,048300,048302
1015900,1015900,Manhattan,015900,015900
1011500,1011500,Manhattan,011500,011500
3007500,3007500,Brooklyn,007500,007500
2014100,2014100,Bronx,014100,014100
3079400,3079400,Brooklyn,079400,079400
4024700,4024700,Queens,024700,024700
2037600,2037600,Bronx,037600,037600
3011000,3011000,Brooklyn,011000,011000
3009000,3009001,Brooklyn,009000,009001
4014100,4014100,Queens,014100,014100
4024500,4024500,Queens,024500,024500
4058000,4058000,Queens,058000,058000
2018500,2018502,Bronx,018500,018502
2003700,2003700,Bronx,003700,003700
3050803,3050803,Brooklyn,050803,050803
2034500,2034500,Bronx,034500,034500
2017300,2017300,Bronx,017300,017300
1008601,,Manhattan,008601,
1008602,,Manhattan,008602,
1014700,1014700,Manhattan,014700,014700
3079802,3079802,Brooklyn,079802,079802
1015100,,Manhattan,015100,
1008800,1008800,Manhattan,008800,008800
2005902,2005902,Bronx,005902,005902
4006201,4006201,Queens,006201,006201
3152200,3152200,Brooklyn,152200,152200
4088400,4088400,Queens,088400,088400
4089200,4089201,Queens,089200,089201
2005300,2005300,Bronx,005300,005300
4032900,4032900,Queens,032900,032900
2016600,2016600,Bronx,016600,016600
3051200,3051200,Brooklyn,051200,051200
2011000,2011000,Bronx,011000,011000
3006300,3006300,Brooklyn,006300,006300
3005900,3005900,Brooklyn,005900,005900
3005100,3005100,Brooklyn,005100,005100
5024700,5024700,Staten Island,024700,024700
3036600,3036600,Brooklyn,036600,036600
3035400,3035400,Brooklyn,035400,035400
5013203,5013203,Staten Island,013203,013203
4034700,4034700,Queens,034700,034700
3050000,3050001,Brooklyn,050000,050001
1012900,1012901,Manhattan,012900,012901
4003900,4003900,Queens,003900,003900
2006200,2006200,Bronx,006200,006200
1023900,1023900,Manhattan,023900,023900
4056400,4056400,Queens,056400,056400
4138502,4138502,Queens,138502,138502
3010100,3010100,Brooklyn,010100,010100
5017008,5017016,Staten Island,017008,017016
2021601,2021601,Bronx,021601,021601
3014100,3014102,Brooklyn,014100,014102
3011700,3011700,Brooklyn,011700,011700
3069602,3069602,Brooklyn,069602,069602
3054500,3054500,Brooklyn,054500,054500
2021602,2021602,Bronx,021602,021602
3014500,3014500,Brooklyn,014500,014500
4127700,4127700,Queens,127700,127700
4048900,4048900,Queens,048900,048900
4152901,4152901,Queens,152901,152901
3039500,3039500,Brooklyn,039500,039500
4003600,4003600,Queens,003600,003600
3038700,3038700,Brooklyn,038700,038700
2021001,2021001,Bronx,021001,021001
3028900,3028900,Brooklyn,028900,028900
4001900,4001903,Queens,001900,001903
2007300,2007300,Bronx,007300,007300
2003500,2003500,Bronx,003500,003500
4017100,4017101,Queens,017100,017101
5014700,5014700,Staten Island,014700,014700
5012500,5012500,Staten Island,012500,012500
1000800,1000800,Manhattan,000800,000800
3056300,3056302,Brooklyn,056300,056302
2004100,2004100,Bronx,004100,004100
3095400,3095400,Brooklyn,095400,095400
3096000,3096000,Brooklyn,096000,096000
2004300,2004300,Bronx,004300,004300
1011401,1011401,Manhattan,011401,011401
3099600,3099600,Brooklyn,099600,099600
3099800,3099800,Brooklyn,099800,099800
4099100,4099100,Queens,099100,099100
1029100,1029100,Manhattan,029100,029100
2023800,2023800,Bronx,023800,023800
2035100,2035100,Bronx,035100,035100
2030200,2030202,Bronx,030200,030202
3066200,3066200,Brooklyn,066200,066200
3062600,3062600,Brooklyn,062600,062600
5011202,5011203,Staten Island,011202,011203
5012804,5012804,Staten Island,012804,012804
3062800,3062800,Brooklyn,062800,062800
2033700,2033700,Bronx,033700,033700
2032300,2032300,Bronx,032300,032300
4002200,4002200,Queens,002200,002200
1021900,1021900,Manhattan,021900,021900
4002000,4002000,Queens,002000,002000
3005300,,Brooklyn,005300,
4066400,4066401,Queens,066400,066401
4001800,4001800,Queens,001800,001800
5003600,5003600,Staten Island,003600,003600
5005000,5005000,Staten Island,005000,005000
4021600,4021603,Queens,021600,021603
1011100,1011100,Manhattan,011100,011100
1025100,1025100,Manhattan,025100,025100
1024500,1024500,Manhattan,024500,024500
3050100,3050100,Brooklyn,050100,050100
3049900,3049900,Brooklyn,049900,049900
3051500,3051500,Brooklyn,051500,051500
2042100,2042100,Bronx,042100,042100
5015603,,Staten Island,015603,
2040900,2040900,Bronx,040900,040900
4047200,4047200,Queens,047200,047200
4047600,4047600,Queens,047600,047600
4118900,4118900,Queens,118900,118900
4121100,4121100,Queens,121100,121100
3093400,3093400,Brooklyn,093400,093400
3092800,3092800,Brooklyn,092800,092800
4141700,4141700,Queens,141700,141700
3036700,3036700,Brooklyn,036700,036700
3036502,3036502,Brooklyn,036502,036502
3093600,3093600,Brooklyn,093600,093600
1007500,,Manhattan,007500,
2023100,2023100,Bronx,023100,023100
2038100,2038100,Bronx,038100,038100
1016002,1016002,Manhattan,016002,016002
1007900,,Manhattan,007900,
1006900,1006900,Manhattan,006900,006900
1016800,1016800,Manhattan,016800,016800
4050500,4050500,Queens,050500,050500
4077300,4077300,Queens,077300,077300
1008603,,Manhattan,008603,
5031901,5031901,Staten Island,031901,031901
4120100,4120100,Queens,120100,120100
4086100,4086100,Queens,086100,086100
4081400,4081400,Queens,081400,081400
4130100,4130100,Queens,130100,130100
2023703,2023703,Bronx,023703,023703
3112000,3112000,Brooklyn,112000,112000
3111800,3111800,Brooklyn,111800,111800
4059600,4059600,Queens,059600,059600
4062200,4062200,Queens,062200,062200
4070300,4070300,Queens,070300,070300
4060000,4060000,Queens,060000,060000
4070900,4070900,Queens,070900,070900
4016300,4016300,Queens,016300,016300
4059200,4059200,Queens,059200,059200
4059400,4059400,Queens,059400,059400
4029500,4029500,Queens,029500,029500
4069702,4069702,Queens,069702,069702
4013800,4013800,Queens,013800,013800
4013600,4013600,Queens,013600,013600
4053401,4053401,Queens,053401,053401
4059800,4059800,Queens,059800,059800
2046000,2046000,Bronx,046000,046000
4156700,4156700,Queens,156700,156700
4162100,4162100,Queens,162100,162100
2031000,2031000,Bronx,031000,031000
2026400,2026400,Bronx,026400,026400
2045102,2045102,Bronx,045102,045102
4063800,4063800,Queens,063800,063800
2005200,2005200,Bronx,005200,005200
1019400,1019400,Manhattan,019400,019400
2022701,2022701,Bronx,022701,022701
2003100,2003100,Bronx,003100,003100
2023000,2023000,Bronx,023000,023000
4003400,4003400,Queens,003400,003400
3118600,3118600,Brooklyn,118600,118600
2007800,2007800,Bronx,007800,007800
2009800,2009800,Bronx,009800,009800
2022901,2022901,Bronx,022901,022901
4008700,4008700,Queens,008700,008700
4008100,4008100,Queens,008100,008100
2023302,2023302,Bronx,023302,023302
1002100,1002100,Manhattan,002100,002100
2026100,2026100,Bronx,026100,026100
2026300,2026300,Bronx,026300,026300
2025500,2025500,Bronx,025500,025500
5005900,5005901,Staten Island,005900,005901
4020500,4020500,Queens,020500,020500
4019900,4019903,Queens,019900,019903
2038000,2038000,Bronx,038000,038000
4128300,4128300,Queens,128300,128300
2026900,2026900,Bronx,026900,026900
2011700,2011702,Bronx,011700,011702
5007000,5007002,Staten Island,007000,007002
4069400,4069400,Queens,069400,069400
4069000,4069000,Queens,069000,069000
3114600,3114600,Brooklyn,114600,114600
3114201,3040700,Brooklyn,114201,040700
3088600,3088600,Brooklyn,088600,088600
3086400,3086400,Brooklyn,086400,086400
3090800,3090800,Brooklyn,090800,090800
2024700,2024700,Bronx,024700,024700
2017701,2017701,Bronx,017701,017701
2018900,2018900,Bronx,018900,018900
1028100,1028100,Manhattan,028100,028100
1027300,1027300,Manhattan,027300,027300
2029500,2029500,Bronx,029500,029500
1024700,,Manhattan,024700,
4084602,4084602,Queens,084602,084602
4071600,4071600,Queens,071600,071600
4030600,4030600,Queens,030600,030600
1019500,1019500,Manhattan,019500,019500
4040100,4040102,Queens,040100,040102
4061900,4061900,Queens,061900,061900
1019100,1019100,Manhattan,019100,019100
4062100,4062100,Queens,062100,062100
2028100,2028100,Bronx,028100,028100
2035800,2035800,Bronx,035800,035800
2046202,2046209,Bronx,046202,046209
1028300,1028300,Manhattan,028300,028300
1027900,1027900,Manhattan,027900,027900
1030700,1030700,Manhattan,030700,030700
1030300,1030300,Manhattan,030300,030300
1024302,1024302,Manhattan,024302,024302
4091800,4091800,Queens,091800,091800
5027706,5027706,Staten Island,027706,027706
4092200,4092200,Queens,092200,092200
4037300,4037300,Queens,037300,037300
5027702,5027702,Staten Island,027702,027702
2038302,2038303,Bronx,038302,038303
3055400,3055400,Brooklyn,055400,055400
2039902,2039902,Bronx,039902,039902
1028700,,Manhattan,028700,
1028500,1028500,Manhattan,028500,028500
1023600,1023600,Manhattan,023600,023600
2000100,2000100,Bronx,000100,000100
4009900,4009900,Queens,009900,009900
1024000,1024000,Manhattan,024000,024000
5002100,,Staten Island,002100,
4990100,,Staten Island,990100,
4990100,3033600,Brooklyn,990100,033600
3004600,,Brooklyn,004600,
4990100,,Queens,990100,
4092900,,Queens,092900,
2021502,2021502,Bronx,021502,021502
2021700,2021700,Bronx,021700,021700
4014202,4014202,Queens,014202,014202
4014400,4014400,Queens,014400,014400
4096400,4096400,Queens,096400,096400
4095400,4095400,Queens,095400,095400
1004200,1004200,Manhattan,004200,004200
1005700,1005700,Manhattan,005700,005700
4024300,4024300,Queens,024300,024300
4051300,4051300,Queens,051300,051300
4051700,4051700,Queens,051700,051700
4053100,4053100,Queens,053100,053100
4094202,4094202,Queens,094202,094202
4094203,,Queens,094203,
3044900,3044902,Brooklyn,044900,044902
3070202,3070202,Brooklyn,070202,070202
3001500,3001502,Brooklyn,001500,001502
1022500,1022500,Manhattan,022500,022500
1022900,1022900,Manhattan,022900,022900
4050000,4050000,Queens,050000,050000
4050201,4050201,Queens,050201,050201
4099200,4099200,Queens,099200,099200
4099802,,Queens,099802,
2016300,2016300,Bronx,016300,016300
2016100,2016100,Bronx,016100,016100
4064500,4064500,Queens,064500,064500
3002300,3002300,Brooklyn,002300,002300
4039900,4039901,Queens,039900,039901
3020300,3020300,Brooklyn,020300,020300
2008500,2008500,Bronx,008500,008500
2008300,2008300,Bronx,008300,008300
2009300,2009302,Bronx,009300,009302
5022800,5022802,Staten Island,022800,022802
3049100,3049100,Brooklyn,049100,049100
3050700,3050700,Brooklyn,050700,050700
2015700,2015700,Bronx,015700,015700
2006000,2006000,Bronx,006000,006000
3016400,3016400,Brooklyn,016400,016400
3016800,3016800,Brooklyn,016800,016800
2021100,2021100,Bronx,021100,021100
2021301,2021301,Bronx,021301,021301
2000400,2000400,Bronx,000400,000400
4044000,4044000,Queens,044000,044000
2008400,2008400,Bronx,008400,008400
2020501,2020501,Bronx,020501,020501
2020502,2020502,Bronx,020502,020502
1000600,1000600,Manhattan,000600,000600
1000201,1000201,Manhattan,000201,000201
3053700,3053700,Brooklyn,053700,053700
3053900,3053900,Brooklyn,053900,053900
3062200,3062200,Brooklyn,062200,062200
3033000,3033000,Brooklyn,033000,033000
3032800,3032800,Brooklyn,032800,032800
3002901,3002901,Brooklyn,002901,002901
3021100,3021100,Brooklyn,021100,021100
4077902,4077902,Queens,077902,077902
4077906,4077906,Queens,077906,077906
3013600,3013600,Brooklyn,013600,013600
3013800,3013800,Brooklyn,013800,013800
3013400,3013400,Brooklyn,013400,013400
4150701,4150701,Queens,150701,150701
4147900,4147900,Queens,147900,147900
3056900,3056900,Brooklyn,056900,056900
3056100,3056100,Brooklyn,056100,056100
2034800,2034800,Bronx,034800,034800
4060701,4060701,Queens,060701,060701
3045300,3045300,Brooklyn,045300,045300
3042700,3042700,Brooklyn,042700,042700
2046201,2046206,Bronx,046201,046206
5021300,5021300,Staten Island,021300,021300
3021900,3021900,Brooklyn,021900,021900
4061602,4061602,Queens,061602,061602
3070600,3070602,Brooklyn,070600,070602
5020700,5020702,Staten Island,020700,020702
3098200,3098200,Brooklyn,098200,098200
4061601,4061601,Queens,061601,061601
3102800,3102802,Brooklyn,102800,102802
3110400,3110400,Brooklyn,110400,110400
3000700,3000700,Brooklyn,000700,000700
3103400,3103402,Brooklyn,103400,103402
3070201,3070201,Brooklyn,070201,070201
3031702,3031702,Brooklyn,031702,031702
4027300,4027302,Queens,027300,027302
1011600,1011600,Manhattan,011600,011600
1016700,1016700,Manhattan,016700,016700
4046500,4046500,Queens,046500,046500
1016300,,Manhattan,016300,
1012400,1012400,Manhattan,012400,012400
4037500,4037502,Queens,037500,037502
4071100,4071100,Queens,071100,071100
2038700,2038700,Bronx,038700,038700
3117602,3117602,Brooklyn,117602,117602
3118400,3118400,Brooklyn,118400,118400
2038900,2038900,Bronx,038900,038900
2006900,2006900,Bronx,006900,006900
2002400,2002400,Bronx,002400,002400
1008700,1008700,Manhattan,008700,008700
1020000,1020000,Manhattan,020000,020000
2000200,,Bronx,000200,
1019800,1019800,Manhattan,019800,019800
2006700,2006700,Bronx,006700,006700
2002000,2002001,Bronx,002000,002001
1009100,1009100,Manhattan,009100,009100
4011000,4011000,Queens,011000,011000
4011800,4011800,Queens,011800,011800
4011600,4011600,Queens,011600,011600
4062000,4062000,Queens,062000,062000
3032500,3032500,Brooklyn,032500,032500
4033402,4033404,Queens,033402,033404
4033000,4033000,Queens,033000,033000
4063000,4063000,Queens,063000,063000
3000502,3000502,Brooklyn,000502,000502
3000100,3000100,Brooklyn,000100,000100
3057100,3057100,Brooklyn,057100,057100
4108500,4108500,Queens,108500,108500
4030904,4030904,Queens,030904,030904
3057500,3057500,Brooklyn,057500,057500
5002001,5002001,Staten Island,002001,002001
5000800,5000800,Staten Island,000800,000800
1002400,,Manhattan,002400,
4103202,4103202,Queens,103202,103202
3057300,3057300,Brooklyn,057300,057300
4010500,4010500,Queens,010500,010500
4103201,4103201,Queens,103201,103201
2007500,2007500,Bronx,007500,007500
2007100,2007100,Bronx,007100,007100
4113900,4113900,Queens,113900,113900
1004400,,Manhattan,004400,
4010300,4010300,Queens,010300,010300
1021100,1021100,Manhattan,021100,021100
2036400,2036400,Bronx,036400,036400
2029700,2029700,Bronx,029700,029700
4059500,4059502,Queens,059500,059502
2019300,2019300,Bronx,019300,019300
4059300,4059300,Queens,059300,059300
2036800,2036800,Bronx,036800,036800
3014300,3014300,Brooklyn,014300,014300
4060100,4060100,Queens,060100,060100
2041400,2041400,Bronx,041400,041400
2041800,2041800,Bronx,041800,041800
2016700,2016700,Bronx,016700,016700
2035600,2035600,Bronx,035600,035600
1006200,,Manhattan,006200,
3022900,3022900,Brooklyn,022900,022900
3010000,3010000,Brooklyn,010000,010000
3015500,3015500,Brooklyn,015500,015500
3010200,3010200,Brooklyn,010200,010200
2017100,2017100,Bronx,017100,017100
1014300,1014300,Manhattan,014300,014300
2036000,2036000,Bronx,036000,036000
3056500,3056500,Brooklyn,056500,056500
2016900,2016900,Bronx,016900,016900
4044400,4044400,Queens,044400,044400
2022403,2022403,Bronx,022403,022403
4046800,4046800,Queens,046800,046800
1021600,1021600,Manhattan,021600,021600
3013500,3013500,Brooklyn,013500,013500
1015200,,Manhattan,015200,
3092200,3092200,Brooklyn,092200,092200
4099703,4099703,Queens,099703,099703
2033202,2033202,Bronx,033202,033202
2033000,2033000,Bronx,033000,033000
5016901,5016901,Staten Island,016901,016901
2033201,2033201,Bronx,033201,033201
3007000,3007000,Brooklyn,007000,007000
3046400,3046400,Brooklyn,046400,046400
5029102,5029102,Staten Island,029102,029102
2033800,2033801,Bronx,033800,033801
2021800,2021800,Bronx,021800,021800
3009200,3009202,Brooklyn,009200,009202
5032300,5032300,Staten Island,032300,032300
3032700,3032700,Brooklyn,032700,032700
3002200,3002200,Brooklyn,002200,002200
3007200,3007200,Brooklyn,007200,007200
1000500,1000500,Manhattan,000500,000500
3015900,3015900,Brooklyn,015900,015900
3004700,3004700,Brooklyn,004700,004700
3008600,3008600,Brooklyn,008600,008600
2037200,2037200,Bronx,037200,037200
3047600,3047600,Brooklyn,047600,047600
3042300,3042300,Brooklyn,042300,042300
3039300,3039300,Brooklyn,039300,039300
2023502,2023502,Bronx,023502,023502
2023501,2023501,Bronx,023501,023501
2019900,2019900,Bronx,019900,019900
2019700,2019700,Bronx,019700,019700
2006300,2006301,Bronx,006300,006301
1023700,,Manhattan,023700,
1024100,,Manhattan,024100,
3019300,3019300,Brooklyn,019300,019300
3019100,3019100,Brooklyn,019100,019100
3019500,3019500,Brooklyn,019500,019500
4099900,4099900,Queens,099900,099900
4099705,4099900,Queens,099705,099900
5013800,5013800,Staten Island,013800,013800
5009602,5009602,Staten Island,009602,009602
5017700,5017701,Staten Island,017700,017701
4112300,4112300,Queens,112300,112300
3073000,3073000,Brooklyn,073000,073000
3042400,3042400,Brooklyn,042400,042400
4112900,4112900,Queens,112900,112900
3022100,3022100,Brooklyn,022100,022100
3054200,3054200,Brooklyn,054200,054200
3073600,3073600,Brooklyn,073600,073600
5014100,5014100,Staten Island,014100,014100
4124700,4124700,Queens,124700,124700
5013302,5013302,Staten Island,013302,013302
3042600,3042600,Brooklyn,042600,042600
4126700,4126700,Queens,126700,126700
3042000,3042000,Brooklyn,042000,042000
3114400,3114400,Brooklyn,114400,114400
5003300,5003300,Staten Island,003300,003300
3030500,3030500,Brooklyn,030500,030500
1001002,,Manhattan,001002,
3066600,3066600,Brooklyn,066600,066600
3012801,3012801,Brooklyn,012801,012801
2022000,2022000,Bronx,022000,022000
3039700,3039700,Brooklyn,039700,039700
4047800,4047801,Queens,047800,047801
3055100,3055100,Brooklyn,055100,055100
3003400,,Brooklyn,003400,
1001001,,Manhattan,001001,
1002000,,Manhattan,002000,
4048200,4048200,Queens,048200,048200
3002100,3002100,Brooklyn,002100,002100
2024000,2024000,Bronx,024000,024000
3055500,3055500,Brooklyn,055500,055500
3054900,3054900,Brooklyn,054900,054900
2006100,2006100,Bronx,006100,006100
2025700,2025700,Bronx,025700,025700
4091601,4091603,Queens,091601,091603
3021000,3021000,Brooklyn,021000,021000
3054700,3054700,Brooklyn,054700,054700
2009200,2009200,Bronx,009200,009200
3039800,3039800,Brooklyn,039800,039800
4003300,4003302,Queens,003300,003302
4013200,4013200,Queens,013200,013200
1015601,1015601,Manhattan,015601,015601
1003900,,Manhattan,003900,
3040000,3040000,Brooklyn,040000,040000
1004700,1004700,Manhattan,004700,004700
4060300,4060300,Queens,060300,060300
4061301,4061301,Queens,061301,061301
1003100,1003100,Manhattan,003100,003100
1015602,1015602,Manhattan,015602,015602
2027402,,Bronx,027402,
1003300,1003300,Manhattan,003300,003300
2019400,2019400,Bronx,019400,019400
4013400,4013400,Queens,013400,013400
1003700,,Manhattan,003700,
1004500,1004500,Manhattan,004500,004500
1030900,1030900,Manhattan,030900,030900
5029103,5029105,Staten Island,029103,029105
5029104,5029104,Staten Island,029104,029104
5007700,5007700,Staten Island,007700,007700
3029200,3029200,Brooklyn,029200,029200
3023300,3023300,Brooklyn,023300,023300
3023500,3023500,Brooklyn,023500,023500
4077904,4077904,Queens,077904,077904
3029400,3029400,Brooklyn,029400,029400
4077905,4077905,Queens,077905,077905
3115200,3115200,Brooklyn,115200,115200
4126500,4126500,Queens,126500,126500
2029302,2029302,Bronx,029302,029302
3038600,3038600,Brooklyn,038600,038600
1009800,1009800,Manhattan,009800,009800
2039600,2039600,Bronx,039600,039600
3044700,3044700,Brooklyn,044700,044700
3037402,3037402,Brooklyn,037402,037402
4125700,4125700,Queens,125700,125700
2039400,2039400,Bronx,039400,039400
4053900,4053901,Queens,053900,053901
1009000,1009000,Manhattan,009000,009000
3050600,3050600,Brooklyn,050600,050600
1029700,1029700,Manhattan,029700,029700
3119800,3119800,Brooklyn,119800,119800
3042200,3042200,Brooklyn,042200,042200
3016500,3016500,Brooklyn,016500,016500
3046202,3046202,Brooklyn,046202,046202
3021500,3021500,Brooklyn,021500,021500
3041200,3041200,Brooklyn,041200,041200
3017700,3017700,Brooklyn,017700,017700
3150200,3150200,Brooklyn,150200,150200
3045000,3045000,Brooklyn,045000,045000
3033700,3033702,Brooklyn,033700,033702
3033500,3033500,Brooklyn,033500,033500
3028300,3028300,Brooklyn,028300,028300
3028502,3028502,Brooklyn,028502,028502
3021700,3021700,Brooklyn,021700,021700
2050400,,Bronx,050400,
3021300,3021300,Brooklyn,021300,021300
2018101,2018101,Bronx,018101,018101
2045600,2045600,Bronx,045600,045600
2018302,2018302,Bronx,018302,018302
3037300,3037300,Brooklyn,037300,037300
3040100,3040100,Brooklyn,040100,040100
2038301,2038301,Bronx,038301,038301
2023704,2023704,Bronx,023704,023704
2009600,2009600,Bronx,009600,009600
4038301,4038301,Queens,038301,038301
5011402,5011402,Staten Island,011402,011402
4093401,4093401,Queens,093401,093401
4093800,4093800,Queens,093800,093800
4093402,4093402,Queens,093402,093402
3007700,3007700,Brooklyn,007700,007700
3005602,,Brooklyn,005602,
3000200,3000200,Brooklyn,000200,000200
3001800,,Brooklyn,001800,
3016200,3016200,Brooklyn,016200,016200
3041000,3041000,Brooklyn,041000,041000
5015100,5015100,Staten Island,015100,015100
5014607,5014607,Staten Island,014607,014607
4013500,4013500,Queens,013500,013500
5018701,5018701,Staten Island,018701,018701
3040800,3040800,Brooklyn,040800,040800
3120200,3120200,Brooklyn,120200,120200
4064102,4064102,Queens,064102,064102
1016200,1024000,Manhattan,016200,024000
1017000,1017000,Manhattan,017000,017000
4001400,4001400,Queens,001400,001400
2037800,2037800,Bronx,037800,037800
2043500,2043503,Bronx,043500,043503
2025600,2025600,Bronx,025600,025600
3026300,3026300,Brooklyn,026300,026300
2020000,2020000,Bronx,020000,020000
3039100,3039100,Brooklyn,039100,039100
3026100,3026100,Brooklyn,026100,026100
4046600,4046600,Queens,046600,046600
4045800,4045800,Queens,045800,045800
4046200,4046200,Queens,046200,046200
1006300,1006300,Manhattan,006300,006300
3015100,3015100,Brooklyn,015100,015100
3004300,3004300,Brooklyn,004300,004300
3017100,3017100,Brooklyn,017100,017100
1007100,1007100,Manhattan,007100,007100
1006500,1006500,Manhattan,006500,006500
3013300,3013300,Brooklyn,013300,013300
3015300,3015300,Brooklyn,015300,015300
3016900,3016900,Brooklyn,016900,016900
3006900,3006902,Brooklyn,006900,006902
3013100,3013100,Brooklyn,013100,013100
3016700,3016700,Brooklyn,016700,016700
3011900,3011901,Brooklyn,011900,011901
4044601,4044601,Queens,044601,044601
4024600,4024600,Queens,024600,024600
4021200,4021200,Queens,021200,021200
3049700,3049700,Brooklyn,049700,049700
4045400,4045400,Queens,045400,045400
4047300,4047300,Queens,047300,047300
4020800,4020800,Queens,020800,020800
3047700,3047700,Brooklyn,047700,047700
4024000,4024000,Queens,024000,024000
3048100,3048100,Brooklyn,048100,048100
4046000,4046000,Queens,046000,046000
4068300,4068300,Queens,068300,068300
3003700,3003700,Brooklyn,003700,003700
1005000,1005000,Manhattan,005000,005000
3025100,3025100,Brooklyn,025100,025100
3003900,3003900,Brooklyn,003900,003900
3048500,3048500,Brooklyn,048500,048500
3037100,3037100,Brooklyn,037100,037100
3029700,3029700,Brooklyn,029700,029700
3025300,3025300,Brooklyn,025300,025300
3012901,3012901,Brooklyn,012901,012901
3024500,3024500,Brooklyn,024500,024500
4071305,4071305,Queens,071305,071305
2018301,2018301,Bronx,018301,018301
2019500,2019500,Bronx,019500,019500
3024300,3024300,Brooklyn,024300,024300
3024700,3024700,Brooklyn,024700,024700
1005200,1005200,Manhattan,005200,005200
3024100,3024100,Brooklyn,024100,024100
4071303,4071303,Queens,071303,071303
3027100,3027100,Brooklyn,027100,027100
3049300,3049302,Brooklyn,049300,049302
3000900,3000900,Brooklyn,000900,000900
3030100,3030100,Brooklyn,030100,030100
3018100,3018100,Brooklyn,018100,018100
1023000,1023000,Manhattan,023000,023000
3050400,3050401,Brooklyn,050400,050401
3003300,3003300,Brooklyn,003300,003300
3003500,3003500,Brooklyn,003500,003500
1021400,1021400,Manhattan,021400,021400
3052500,3052500,Brooklyn,052500,052500
4000400,4000400,Queens,000400,000400
4005200,4005200,Queens,005200,005200
3118202,3118202,Brooklyn,118202,118202
4004001,4004001,Queens,004001,004001
4054700,4054700,Queens,054700,054700
3118800,3118800,Brooklyn,118800,118800
5018702,5018704,Staten Island,018702,018704
4004200,4004200,Queens,004200,004200
4003800,4003800,Queens,003800,003800
4054900,4054900,Queens,054900,054900
3043900,3043900,Brooklyn,043900,043900
4055300,4055300,Queens,055300,055300
3053500,3053500,Brooklyn,053500,053500
1003200,1003200,Manhattan,003200,003200
1009900,,Manhattan,009900,
1002601,1002601,Manhattan,002601,002601
1002500,1002500,Manhattan,002500,002500
1011700,1011700,Manhattan,011700,011700
4097203,4097207,Queens,097203,097207
1031704,,Manhattan,031704,
1031703,,Manhattan,031703,
1001501,1001501,Manhattan,001501,001501
1020800,1020800,Manhattan,020800,020800
4035700,4035700,Queens,035700,035700
4037100,4037100,Queens,037100,037100
1026700,1026700,Manhattan,026700,026700
1026900,1026900,Manhattan,026900,026900
1020300,1020300,Manhattan,020300,020300
5003900,5003900,Staten Island,003900,003900
5004700,5004700,Staten Island,004700,004700
1020500,,Manhattan,020500,
1022400,1022400,Manhattan,022400,022400
3105801,3105801,Brooklyn,105801,105801
4010701,4010701,Queens,010701,010701
2030000,2030000,Bronx,030000,030000
2037900,2037900,Bronx,037900,037900
2027600,2027600,Bronx,027600,027600
4029300,4029300,Queens,029300,029300
4031700,4031700,Queens,031700,031700
2039500,2039500,Bronx,039500,039500
4030902,4030906,Queens,030902,030906
4029100,4029100,Queens,029100,029100
4029700,4029700,Queens,029700,029700
5027900,5027900,Staten Island,027900,027900
3015400,3015400,Brooklyn,015400,015400
3051602,3051602,Brooklyn,051602,051602
2028900,2028900,Bronx,028900,028900
3113200,3113200,Brooklyn,113200,113200
3092000,3092000,Brooklyn,092000,092000
3079200,3079201,Brooklyn,079200,079201
2028300,2028300,Bronx,028300,028300
5014604,5014604,Staten Island,014604,014604
3109800,3109800,Brooklyn,109800,109800
3091000,3091000,Brooklyn,091000,091000
5018100,5018100,Staten Island,018100,018100
3015200,3015200,Brooklyn,015200,015200
3060800,3060800,Brooklyn,060800,060800
3060600,3060600,Brooklyn,060600,060600
4074900,4074900,Queens,074900,074900
4076901,4076901,Queens,076901,076901
4000700,4000702,Queens,000700,000702
4000100,4000701,Queens,000100,000701
4086900,4086900,Queens,086900,086900
4129102,4129102,Queens,129102,129102
4055200,4055200,Queens,055200,055200
4047500,4047500,Queens,047500,047500
4088901,4088903,Queens,088901,088903
1001300,1001300,Manhattan,001300,001300
5006400,5006400,Staten Island,006400,006400
3050202,3050202,Brooklyn,050202,050202
5022600,5022602,Staten Island,022600,022602
4022001,4022001,Queens,022001,022001
5007500,5007500,Staten Island,007500,007500
5020803,5020803,Staten Island,020803,020803
5019800,5019800,Staten Island,019800,019800
5006700,5006700,Staten Island,006700,006700
5017600,5017600,Staten Island,017600,017600
5017005,5017005,Staten Island,017005,017005
1031900,,Manhattan,031900,
5024800,5024800,Staten Island,024800,024800
5009601,5009601,Staten Island,009601,009601
1023802,,Manhattan,023802,
2014702,2014702,Bronx,014702,014702
1010300,1010300,Manhattan,010300,010300
1009700,1009700,Manhattan,009700,009700
2017702,2017702,Bronx,017702,017702
5017011,5017011,Staten Island,017011,017011
3080800,3080800,Brooklyn,080800,080800
2028400,2028400,Bronx,028400,028400
5015601,5015601,Staten Island,015601,015601
3087200,3087200,Brooklyn,087200,087200
5015602,5015602,Staten Island,015602,015602
4003700,4003700,Queens,003700,003700
2029600,2029600,Bronx,029600,029600
4002500,4002500,Queens,002500,002500
3087401,3087401,Brooklyn,087401,087401
4099801,4099801,Queens,099801,099801
4100802,4100804,Queens,100802,100804
1002900,1002902,Manhattan,002900,002902
1002700,1002700,Manhattan,002700,002700
4038302,4038302,Queens,038302,038302
1007600,1007600,Manhattan,007600,007600
4097204,4097204,Queens,097204,097204
4038100,4038100,Queens,038100,038100
1008400,1008400,Manhattan,008400,008400
4097202,,Queens,097202,
2030701,2030701,Bronx,030701,030701
2033500,2035100,Bronx,033500,035100
2041900,2041900,Bronx,041900,041900
2033400,2033400,Bronx,033400,033400
2042500,2042500,Bronx,042500,042500
2008900,2008900,Bronx,008900,008900
2015900,2015900,Bronx,015900,015900
2011900,2011900,Bronx,011900,011900
4020200,4020200,Queens,020200,020200
4020600,4020600,Queens,020600,020600
3001100,3001100,Brooklyn,001100,001100
3001300,3001300,Brooklyn,001300,001300
2012101,2012101,Bronx,012101,012101
2001900,2001903,Bronx,001900,001903
2005100,2005100,Bronx,005100,005100
2011502,2011502,Bronx,011502,011502
3107000,3107002,Brooklyn,107000,107002
2005400,2005400,Bronx,005400,005400
2012300,2012101,Bronx,012300,012101
2005600,2005600,Bronx,005600,005600
1019200,1019200,Manhattan,019200,019200
1024200,1024200,Manhattan,024200,024200
4098100,4098100,Queens,098100,098100
4097300,4097300,Queens,097300,097300
3059600,3059600,Brooklyn,059600,059600
2015100,2015100,Bronx,015100,015100
2013100,2013100,Bronx,013100,013100
3060000,3060000,Brooklyn,060000,060000
3067800,3067800,Brooklyn,067800,067800
3069200,3069200,Brooklyn,069200,069200
4098700,,Queens,098700,
5014605,5014605,Staten Island,014605,014605
1011000,1011000,Manhattan,011000,011000
5014606,5014606,Staten Island,014606,014606
3122000,3122000,Brooklyn,122000,122000
4021900,4021900,Queens,021900,021900
2022200,2022200,Bronx,022200,022200
3120000,3120000,Brooklyn,120000,120000
4053500,4053502,Queens,053500,053502
2020601,2020601,Bronx,020601,020601
3120800,3120802,Brooklyn,120800,120802
3107800,3107800,Brooklyn,107800,107800
2013800,,Bronx,013800,
1000202,,Manhattan,000202,
2005001,2005001,Bronx,005001,005001
2011800,2011800,Bronx,011800,011800
2005002,2005002,Bronx,005002,005002
1023801,,Manhattan,023801,
3054300,3054300,Brooklyn,054300,054300
1027700,1027700,Manhattan,027700,027700
1010602,1010602,Manhattan,010602,010602
4094500,4094500,Queens,094500,094500
1031100,1031100,Manhattan,031100,031100
4093900,,Queens,093900,
1029900,1029900,Manhattan,029900,029900
4067900,4067900,Queens,067900,067900
4068700,4068700,Queens,068700,068700
5013201,5013201,Staten Island,013201,013201
5013204,5013204,Staten Island,013204,013204
